Class;LOC;NMD;NAD;LCOM5;DataClass;ATFD
org.apache.html.dom.HTMLLinkElementImpl;57;19;0;0.0;0;0
org.apache.xerces.dom.ElementNSImpl;149;15;5;0.7666666507720947;1;14
org.apache.xerces.parsers.XML11NonValidatingConfiguration;0;0;0;0;0;0
org.apache.xerces.impl.xpath.regex.Match;79;12;6;0.6333333015441894;0;0
org.apache.wml.dom.WMLEmElementImpl;21;7;0;0.0;0;0
org.apache.xerces.impl.dv.xs.FullDVFactory;82;3;2;0.0;1;24
org.apache.xerces.parsers.XML11DTDConfiguration;0;0;0;0;0;0
org.apache.xerces.impl.xs.identity.IdentityConstraint;84;20;7;0.9126984278361002;0;1
org.apache.xerces.parsers.StandardParserConfiguration;73;7;10;1.0;1;16
org.apache.xerces.dom.AttrNSImpl;137;13;5;0.625;1;11
org.apache.wml.dom.WMLPrevElementImpl;15;5;0;0.0;0;0
org.apache.xerces.dom.DOMErrorImpl;32;10;6;0.952380929674421;0;1
org.apache.html.dom.HTMLTextAreaElementImpl;70;23;0;0.0;0;0
org.apache.xml.serialize.Printer;154;18;8;0.7142857313156128;0;0
org.apache.html.dom.HTMLHeadingElementImpl;9;3;0;0.0;0;0
org.apache.html.dom.HTMLLIElementImpl;15;5;0;0.0;0;0
org.apache.html.dom.HTMLFrameSetElementImpl;15;5;0;0.0;0;0
org.apache.xerces.impl.xs.XMLSchemaException;10;3;2;1.0;0;0
org.apache.xerces.parsers.DOMParserImpl;0;0;0;0;0;0
org.apache.xerces.impl.dtd.XMLDTDDescription;76;9;2;0.6;0;3
org.apache.xml.serialize.HTMLSerializer;428;18;3;0.75;1;22
org.apache.xerces.impl.xs.util.XSGrammarPool;0;0;0;0;0;0
org.apache.xerces.dom.DeferredElementNSImpl;40;4;2;0.0;0;6
org.apache.wml.dom.WMLAccessElementImpl;27;9;0;0.0;0;0
org.apache.xerces.impl.dv.InvalidDatatypeValueException;3;1;0;0.0;0;0
org.apache.xerces.jaxp.UnparsedEntityHandler;0;0;0;0;0;0
org.apache.xerces.dom.ObjectFactory;0;0;0;0;0;0
org.apache.xerces.dom.DeferredAttrImpl;23;4;2;0.0;0;4
org.apache.xerces.impl.XMLScanner;659;25;29;0.894444465637207;1;12
org.apache.xerces.dom.ASDOMImplementationImpl;13;4;1;0.0;1;2
org.apache.xerces.impl.xs.traversers.OneAttr;6;1;4;0.0;0;0
org.apache.xerces.impl.XMLEntityScanner;898;30;6;0.75;0;18
org.apache.html.dom.HTMLHeadElementImpl;9;3;0;0.0;0;0
org.apache.xerces.impl.xs.XSNotationDecl;21;7;4;1.0;0;1
org.apache.wml.dom.WMLOptionElementImpl;39;13;0;0.0;0;0
org.apache.xerces.dom.ProcessingInstructionImpl;34;7;2;0.8;0;3
org.apache.xerces.dom.CommentImpl;9;3;1;0.0;0;1
org.apache.xerces.impl.dv.SecuritySupport;0;0;0;0;0;0
org.apache.xerces.impl.xs.util.StringListImpl;18;4;3;0.6666666269302368;0;0
org.apache.xerces.parsers.XMLParser;10;3;4;1.0;0;0
org.apache.xerces.impl.dv.XSFacets;0;0;13;0.0;0;0
org.apache.xerces.dom.PSVIDocumentImpl;22;7;0;0.0;0;1
org.apache.xerces.util.DefaultErrorHandler;35;6;1;1.0;0;0
org.apache.xerces.impl.xs.SchemaGrammar;365;45;35;0.9708404541015625;1;28
org.apache.xerces.impl.xpath.regex.REUtil;245;16;2;0.0;0;12
org.apache.xerces.impl.dv.xs.DurationDV;200;6;2;1.0;0;10
org.apache.xerces.impl.xpath.regex.Token;997;51;65;0.9896193859623927;0;30
org.apache.xerces.util.SymbolTable;96;8;3;0.4799999713897705;0;0
org.apache.xerces.parsers.CachingParserPool;85;7;6;0.8000000317891439;0;0
org.apache.xerces.dom.TreeWalkerImpl;242;23;5;0.8476190112885975;0;3
org.apache.xerces.impl.xs.models.CMNodeFactory;53;8;8;0.7083333333333334;1;6
org.apache.xerces.impl.xs.XSWildcardDecl;254;19;5;0.7916666666666666;1;9
org.apache.xerces.impl.dv.xs.PrecisionDecimalDV;0;0;0;0;0;0
org.apache.xerces.jaxp.validation.AbstractXMLSchema;0;0;0;0;0;0
org.apache.xerces.impl.dtd.XMLDTDValidator;807;48;63;0.9463459512461787;2;55
org.apache.html.dom.HTMLBaseElementImpl;15;5;0;0.0;0;0
org.apache.xerces.impl.dv.xs.SchemaDateTimeException;6;2;0;0.0;0;0
org.apache.xml.serialize.TextSerializer;150;17;0;0.0;1;16
org.apache.xerces.impl.dv.xs.TypeValidator;20;9;4;0.0;0;0
org.apache.xerces.impl.dv.ObjectFactory;0;0;0;0;0;0
org.apache.xerces.impl.xs.identity.Selector;81;5;3;0.825396802690294;0;2
org.apache.xerces.jaxp.SAXParserImpl;68;8;2;0.4166666666666667;1;7
org.apache.html.dom.HTMLOptionElementImpl;82;15;0;0.0;0;0
org.apache.xerces.dom.ChildNode;27;8;3;0.7;0;1
org.apache.html.dom.HTMLFrameElementImpl;51;17;0;0.0;0;0
org.apache.xerces.impl.xs.ElementPSVImpl;53;14;12;0.9230769230769231;0;2
org.apache.xerces.dom3.as.DOMASException;4;1;5;0.0;0;0
org.apache.html.dom.HTMLDirectoryElementImpl;9;3;0;0.0;0;0
org.apache.html.dom.HTMLTableCaptionElementImpl;9;3;0;0.0;0;0
org.apache.xerces.dom.EntityImpl;103;18;9;0.9453125;0;1
org.apache.xerces.jaxp.SchemaValidatorConfiguration;0;0;0;0;0;0
org.apache.html.dom.HTMLFormElementImpl;53;18;1;1.0;0;1
org.apache.xerces.impl.dv.dtd.XML11NMTOKENDatatypeValidator;8;2;0;0.0;0;0
org.apache.xerces.impl.io.MalformedByteSequenceException;0;0;0;0;0;0
org.apache.xerces.impl.dv.xs.BooleanDV;10;2;1;0.0;0;4
org.apache.xerces.dom.NotationImpl;55;9;5;0.8928571428571429;1;3
org.apache.xerces.dom.DeferredCommentImpl;13;3;2;0.0;0;1
org.apache.xerces.impl.dv.DTDDVFactory;13;5;1;0.0;0;0
org.apache.html.dom.HTMLAppletElementImpl;69;23;0;0.0;0;0
org.apache.xerces.impl.xs.util.XIntPool;4;1;2;0.0;0;0
org.apache.xerces.util.HTTPInputSource;0;0;0;0;0;0
org.apache.wml.dom.WMLRefreshElementImpl;15;5;0;0.0;0;0
org.apache.xerces.impl.xpath.XPathException;11;3;1;0.0;0;0
org.apache.xerces.jaxp.validation.ReadOnlyGrammarPool;0;0;0;0;0;0
org.apache.xerces.impl.xpath.regex.BMPattern;153;8;3;0.2;0;0
org.apache.xerces.impl.xs.XSGroupDecl;18;6;3;1.0;0;1
org.apache.html.dom.HTMLAnchorElementImpl;83;27;0;0.0;0;0
org.apache.xerces.dom.DeferredProcessingInstructionImpl;14;3;2;0.0;0;2
org.apache.html.dom.NameNodeListImpl;27;2;0;0.0;0;3
org.apache.xerces.impl.dtd.models.CMNode;26;9;5;0.8999999761581421;0;0
org.apache.xerces.impl.xs.opti.DefaultDocument;101;34;0;0.0;1;1
org.apache.wml.dom.WMLInputElementImpl;75;25;0;0.0;0;0
org.apache.xerces.impl.dv.xs.QNameDV;44;3;1;1.0;0;10
org.apache.wml.dom.WMLBrElementImpl;21;7;0;0.0;0;0
org.apache.xerces.impl.xs.XSComplexTypeDecl;154;36;15;0.8970588235294118;1;9
org.apache.xerces.impl.XMLErrorReporter;135;18;15;0.8854166269302368;1;4
org.apache.wml.dom.WMLOneventElementImpl;21;7;0;0.0;0;0
org.apache.xerces.dom.SecuritySupport;0;0;0;0;0;0
org.apache.xerces.dom.PSVIAttrNSImpl;47;13;9;0.888888931274414;0;0
org.apache.xml.serialize.SecuritySupport;0;0;0;0;0;0
org.apache.xerces.impl.xs.traversers.XSDAttributeTraverser;210;6;0;0.0;3;42
org.apache.xerces.impl.xs.SubstitutionGroupHandler;88;7;3;0.8;0;14
org.apache.xerces.impl.dtd.models.SimpleContentModel;72;2;5;0.0;0;7
org.apache.xerces.dom.DeferredEntityImpl;31;4;2;0.0;0;9
org.apache.html.dom.HTMLUListElementImpl;15;5;0;0.0;0;0
org.apache.xerces.util.XMLStringBuffer;52;11;2;1.0;0;3
org.apache.xerces.util.NamespaceSupport;109;11;5;0.7;1;4
org.apache.xerces.parsers.XMLGrammarCachingConfiguration;78;13;6;1.0;1;11
org.apache.xerces.impl.dv.DVFactoryException;6;2;0;0.0;0;0
org.apache.xerces.xni.XMLString;52;9;3;0.0;0;0
org.apache.xerces.impl.dv.DatatypeException;31;4;2;0.5;0;0
org.apache.xerces.impl.XML11NamespaceBinder;5;2;0;0.0;0;0
org.apache.xerces.impl.dv.xs.YearMonthDurationDV;0;0;0;0;0;0
org.apache.xerces.util.EncodingMap;20;7;2;0.0;0;0
org.apache.xerces.parsers.XIncludeAwareParserConfiguration;0;0;0;0;0;0
org.apache.xerces.xinclude.ObjectFactory;0;0;0;0;0;0
org.apache.xerces.impl.xs.util.XSNamedMap4Types;47;5;1;0.5;0;5
org.apache.html.dom.HTMLAreaElementImpl;55;17;0;0.0;0;0
org.apache.xerces.dom.DeferredAttrNSImpl;31;4;2;0.0;0;6
org.apache.xerces.impl.dv.xs.YearMonthDV;29;3;0;0.0;0;6
org.apache.xerces.impl.xs.XSAnnotationImpl;0;0;0;0;0;0
org.apache.xerces.impl.xs.opti.SchemaDOMParser;54;8;7;0.75;1;10
org.apache.xerces.util.DOMErrorHandlerWrapper;98;9;5;0.6999999682108561;0;13
org.apache.xerces.dom.NodeImpl;721;82;27;0.8311688311688312;1;12
org.apache.xerces.jaxp.DocumentBuilderImpl;80;10;3;0.75;1;7
org.apache.xerces.dom.CoreDocumentImpl;934;108;17;0.9725870669466777;1;32
org.apache.xerces.xinclude.XInclude11TextReader;0;0;0;0;0;0
org.apache.xerces.impl.xs.identity.XPathMatcher;254;10;18;0.7142857313156128;0;16
org.apache.xerces.dom.DocumentFragmentImpl;11;4;1;0.0;0;1
org.apache.wml.dom.WMLCardElementImpl;57;19;0;0.0;0;0
org.apache.html.dom.HTMLCollectionImpl;120;9;13;0.7857142857142857;0;0
org.apache.xerces.impl.xs.traversers.XSDWildcardTraverser;51;4;0;0.0;2;17
org.apache.xerces.impl.xs.XSModelImpl;171;13;9;0.8441558317704634;1;15
org.apache.xerces.impl.dv.dtd.ListDatatypeValidator;13;2;1;0.0;0;0
org.apache.xerces.impl.xs.opti.TextImpl;0;0;0;0;0;0
org.apache.xerces.impl.dtd.XMLNotationDecl;12;2;4;0.0;0;0
org.apache.xerces.impl.dtd.models.CMStateSet;128;12;5;0.21999998092651368;0;0
org.apache.xerces.dom.DOMConfigurationImpl;358;25;32;0.9761904761904762;2;32
org.apache.wml.dom.WMLTrElementImpl;15;5;0;0.0;0;0
org.apache.xerces.jaxp.JAXPValidatorComponent;0;0;0;0;0;0
org.apache.wml.dom.WMLStrongElementImpl;21;7;0;0.0;0;0
org.apache.xml.serialize.SerializerFactoryImpl;46;6;1;0.75;0;5
org.apache.xerces.impl.dv.xs.EntityDV;14;3;0;0.0;0;6
org.apache.html.dom.HTMLHRElementImpl;27;9;0;0.0;0;0
org.apache.xerces.dom.LCount;5;1;2;0.0;0;0
org.apache.xerces.jaxp.validation.DOMResultAugmentor;0;0;0;0;0;0
org.apache.xerces.dom.PSVIDOMImplementationImpl;15;3;1;0.0;1;1
org.apache.wml.dom.WMLUElementImpl;21;7;0;0.0;0;0
org.apache.xerces.impl.dtd.XMLEntityDecl;23;3;8;0.5;0;0
org.apache.xerces.dom.CoreDOMImplementationImpl;94;11;5;0.9333333015441895;1;6
org.apache.xerces.parsers.IntegratedParserConfiguration;81;7;3;0.8333333134651184;0;19
org.apache.html.dom.HTMLDOMImplementationImpl;12;3;1;0.0;0;0
org.apache.html.dom.SecuritySupport;0;0;0;0;0;0
org.apache.wml.dom.WMLBElementImpl;21;7;0;0.0;0;0
org.apache.xerces.parsers.ObjectFactory;0;0;0;0;0;0
org.apache.wml.dom.WMLTableElementImpl;39;13;0;0.0;0;0
org.apache.html.dom.HTMLTableRowElementImpl;121;20;1;1.0;0;1
org.apache.xerces.impl.dv.SchemaDVFactory;13;8;1;0.0;0;0
org.apache.xerces.util.SymbolHash;76;9;3;0.5833333333333334;0;0
org.apache.html.dom.HTMLButtonElementImpl;45;12;0;0.0;0;0
org.apache.xerces.xni.parser.XMLConfigurationException;16;4;4;1.0;0;0
org.apache.html.dom.HTMLModElementImpl;15;5;0;0.0;0;0
org.apache.xerces.dom.DeferredElementDefinitionImpl;26;4;2;0.0;0;3
org.apache.xerces.impl.XML11NSDocumentScannerImpl;0;0;0;0;0;0
org.apache.xerces.parsers.AbstractDOMParser;1301;44;49;0.8606442951020741;1;29
org.apache.xerces.impl.dv.xs.DoubleDV;96;3;0;0.8;0;9
org.apache.html.dom.HTMLDListElementImpl;9;3;0;0.0;0;0
org.apache.xerces.parsers.SAXParser;21;4;5;0.0;0;0
org.apache.xerces.impl.xs.traversers.XSDAbstractParticleTraverser;162;6;1;0.6944444444444444;2;28
org.apache.xerces.dom.ElementImpl;467;42;3;0.6923076923076923;1;12
org.apache.xerces.impl.dv.xs.HexBinaryDV;33;3;0;0.8;0;6
org.apache.xerces.xni.parser.XMLInputSource;60;16;6;0.9090909090909091;0;0
org.apache.xerces.dom.ASModelImpl;152;40;3;0.963963998330606;1;2
org.apache.xerces.impl.xs.models.CMBuilder;133;8;5;0.75;1;20
org.apache.xerces.impl.io.UTF8Reader;369;14;8;0.7666666507720947;0;1
org.apache.xerces.dom.DeferredDocumentImpl;1295;78;23;0.9252136426094251;0;25
org.apache.xerces.impl.XMLNamespaceBinder;253;33;15;0.8185483870967742;2;13
org.apache.xerces.jaxp.validation.JAXPValidationMessageFormatter;0;0;0;0;0;0
org.apache.xerces.impl.xs.opti.DefaultText;0;0;0;0;0;0
org.apache.xerces.impl.dtd.XMLSimpleType;42;3;20;0.0;0;0
org.apache.xerces.impl.XML11DocumentScannerImpl;386;11;5;0.9555555979410807;0;23
org.apache.xerces.impl.xs.models.XSDFACM;319;12;17;0.8714285850524902;0;15
org.apache.xerces.impl.dv.xs.DecimalDV;152;5;0;0.7272727272727273;0;9
org.apache.xerces.util.XMLChar;115;21;9;0.0;0;0
org.apache.xerces.jaxp.validation.DOMResultBuilder;0;0;0;0;0;0
org.apache.xerces.impl.XML11DTDScannerImpl;69;9;5;1.1333333651224773;0;4
org.apache.html.dom.HTMLFontElementImpl;21;7;0;0.0;0;0
org.apache.xerces.impl.xs.traversers.XSDElementTraverser;204;6;3;1.0833333730697632;2;61
org.apache.xerces.impl.dv.xs.SchemaDVFactoryImpl;203;7;3;0.5;1;42
org.apache.xerces.dom.events.MutationEventImpl;23;6;10;0.8;1;0
org.apache.xerces.dom.CDATASectionImpl;9;3;1;0.0;0;1
org.apache.html.dom.HTMLQuoteElementImpl;9;3;0;0.0;0;0
org.apache.xerces.util.ErrorHandlerProxy;0;0;0;0;0;0
org.apache.xerces.dom.DOMStringListImpl;0;0;0;0;0;0
org.apache.xerces.impl.dv.xs.DateTimeDV;21;2;0;0.0;0;2
org.apache.xerces.impl.xs.util.ShortListImpl;0;0;0;0;0;0
org.apache.xerces.impl.xs.XSAttributeUseImpl;30;9;4;0.875;1;5
org.apache.xml.serialize.XHTMLSerializer;17;5;0;0.0;0;1
org.apache.wml.dom.WMLDoElementImpl;45;15;0;0.0;0;0
org.apache.xerces.impl.validation.ValidationState;82;19;9;0.8680555555555556;0;0
org.apache.xerces.impl.xs.AttributePSVImpl;43;11;10;0.9;0;2
org.apache.xerces.util.ShadowedSymbolTable;21;5;1;0.0;0;0
org.apache.xerces.util.DOMInputSource;0;0;0;0;0;0
org.apache.html.dom.HTMLFieldSetElementImpl;3;1;0;0.0;0;0
org.apache.xerces.parsers.NonValidatingConfiguration;235;20;34;1.0102563858032227;1;20
org.apache.xerces.xpointer.XPointerHandler;0;0;0;0;0;0
org.apache.xerces.util.XMLSymbols;2;1;17;0.0;0;0
org.apache.wml.dom.WMLTemplateElementImpl;33;11;0;0.0;0;0
org.apache.xerces.impl.io.ASCIIReader;48;10;5;0.7142857142857143;0;0
org.apache.xerces.impl.xs.util.SimpleLocator;48;15;2;0.8333333333333334;0;0
org.apache.xerces.dom.DeferredDOMImplementationImpl;0;0;0;0;0;0
org.apache.xerces.impl.XMLDocumentFragmentScannerImpl;686;31;44;0.9345114424421981;2;29
org.apache.xerces.parsers.SecuritySupport;0;0;0;0;0;0
org.apache.xerces.util.XMLErrorCode;0;0;0;0;0;0
org.apache.xerces.jaxp.validation.DOMValidatorHelper;0;0;0;0;0;0
org.apache.xerces.impl.xs.traversers.SmallContainer;16;3;1;0.0;0;2
org.apache.xerces.impl.dv.dtd.XML11IDREFDatatypeValidator;9;2;0;0.0;0;0
org.apache.xerces.impl.dtd.DTDGrammar;1321;99;75;0.9790140533447266;0;62
org.apache.html.dom.HTMLMetaElementImpl;27;9;0;0.0;0;0
org.apache.xerces.impl.dv.xs.DayTimeDurationDV;0;0;0;0;0;0
org.apache.xerces.impl.dv.dtd.DTDDVFactoryImpl;21;3;1;0.0;0;0
org.apache.xerces.impl.dtd.XMLContentSpec;42;10;18;0.2;0;0
org.apache.xerces.impl.xs.SchemaSymbols;0;0;160;0.0;0;0
org.apache.xerces.impl.dv.xs.BaseDVFactory;119;6;2;0.0;1;22
org.apache.xerces.util.ErrorHandlerWrapper;123;10;1;0.7894736842105263;0;0
org.apache.xerces.impl.XMLVersionDetector;215;21;31;0.9638889312744141;1;12
org.apache.xerces.util.DOMEntityResolverWrapper;35;5;1;0.0;0;0
org.apache.html.dom.HTMLInputElementImpl;119;38;0;0.0;0;0
org.apache.xerces.impl.xs.traversers.XSDAbstractTraverser;332;9;13;0.9571428298950195;3;68
org.apache.xerces.impl.xpath.regex.ParserForXMLSchema;315;38;6;0.0;0;10
org.apache.xerces.impl.xs.XSAttributeDecl;50;13;10;0.8333333333333334;0;4
org.apache.xerces.impl.xs.traversers.Container;4;3;3;0.0;0;0
org.apache.xerces.impl.xs.XMLSchemaValidator;1731;57;104;0.9710462854263631;3;108
org.apache.xerces.dom.DeferredEntityReferenceImpl;21;4;2;0.0;0;3
org.apache.xerces.impl.dv.xs.AbstractDateTimeDV;397;25;6;0.9615384615384616;0;11
org.apache.xerces.xni.QName;77;10;4;0.25;0;0
org.apache.xerces.util.XMLAttributesImpl;211;36;4;0.7882352716782514;0;4
org.apache.xerces.util.AttributesProxy;0;0;0;0;0;0
org.apache.xerces.parsers.SecurityConfiguration;13;4;1;0.0;0;0
org.apache.xerces.dom.DOMImplementationListImpl;0;0;0;0;0;0
org.apache.xml.serialize.Method;0;0;5;0.0;0;0
org.apache.wml.dom.WMLElementImpl;39;11;0;0.0;0;0
org.apache.xerces.parsers.DOMASBuilderImpl;88;13;6;0.75;0;2
org.apache.xerces.impl.dv.ValidatedInfo;10;2;4;0.5;0;0
org.apache.xerces.impl.dv.InvalidDatatypeFacetException;3;1;0;0.0;0;0
org.apache.xerces.parsers.XMLGrammarParser;4;1;1;0.0;0;0
org.apache.xerces.parsers.DOMParser;203;14;3;0.0;0;8
org.apache.xerces.impl.dtd.XML11DTDProcessor;18;6;0;0.0;0;0
org.apache.xml.serialize.SerializerFactory;10;6;2;0.0;0;0
org.apache.wml.dom.WMLTdElementImpl;21;7;0;0.0;0;0
org.apache.xerces.util.XML11Char;61;12;9;0.0;0;0
org.apache.xerces.impl.xs.XSAttributeGroupDecl;153;13;7;0.7916666666666666;1;14
org.apache.xerces.dom.RangeImpl;878;55;14;0.8113207547169812;1;19
org.apache.xerces.impl.xs.util.NSItemListImpl;18;4;3;0.6666666269302368;0;0
org.apache.xerces.impl.xs.opti.DefaultNode;112;38;0;0.0;1;1
org.apache.xerces.impl.xs.traversers.XSAnnotationInfo;0;0;0;0;0;0
org.apache.xerces.impl.xs.traversers.XSAttributeChecker;448;11;99;0.9047618442111545;3;56
org.apache.xerces.impl.xs.traversers.XSDUniqueOrKeyTraverser;22;2;0;0.0;2;8
org.apache.xerces.xinclude.SecuritySupport;0;0;0;0;0;0
org.apache.xerces.impl.xs.opti.DefaultXMLDocumentHandler;110;52;3;0.98;0;0
org.apache.xerces.dom.DOMNormalizer;683;27;22;0.9735450038203487;2;44
org.apache.xerces.impl.xs.opti.SchemaParsingConfig;241;23;32;1.0046296649509006;1;16
org.apache.xerces.xinclude.XIncludeTextReader;0;0;0;0;0;0
org.apache.html.dom.HTMLPreElementImpl;9;3;0;0.0;0;0
org.apache.xerces.dom.DeferredNotationImpl;19;3;2;0.0;0;4
org.apache.xerces.jaxp.validation.SoftReferenceGrammarPool;0;0;0;0;0;0
org.apache.xerces.impl.xs.models.XSCMUniOp;20;5;1;0.0;0;1
org.apache.html.dom.ObjectFactory;0;0;0;0;0;0
org.apache.xml.serialize.BaseMarkupSerializer;967;61;20;0.933333346718236;2;34
org.apache.xerces.impl.dtd.models.CMLeaf;41;9;2;0.5;0;2
org.apache.xerces.impl.xs.models.XSAllCM;66;7;7;0.55;0;2
org.apache.xerces.util.EntityResolver2Wrapper;0;0;0;0;0;0
org.apache.xerces.impl.dv.util.ByteListImpl;0;0;0;0;0;0
org.apache.xerces.xpointer.ShortHandPointer;0;0;0;0;0;0
org.apache.xerces.dom.DeferredTextImpl;14;3;2;0.0;0;1
org.apache.xerces.util.SecurityManager;16;5;4;0.6666666666666666;0;0
org.apache.xerces.impl.dv.xs.AnyURIDV;14;2;1;0.0;0;6
org.apache.xerces.impl.XMLEntityManager;1135;41;57;0.9666666666666667;1;22
org.apache.xerces.dom.DOMImplementationImpl;17;3;1;0.0;1;2
org.apache.xerces.impl.xpath.regex.RangeToken;448;18;7;0.78125;0;13
org.apache.html.dom.HTMLBodyElementImpl;39;13;0;0.0;0;0
org.apache.wml.dom.WMLHeadElementImpl;15;5;0;0.0;0;0
org.apache.xerces.impl.xpath.regex.Op;158;23;24;0.996655505636464;0;0
org.apache.xerces.impl.xpath.regex.RegularExpression;1890;52;32;0.926421385544997;0;72
org.apache.xerces.util.EntityResolverWrapper;42;5;1;0.0;0;0
org.apache.xerces.impl.dv.dtd.NOTATIONDatatypeValidator;4;2;0;0.0;0;0
org.apache.xerces.parsers.AbstractXMLDocumentParser;118;51;4;0.9744897959183674;0;0
org.apache.xerces.impl.xs.util.XSObjectListImpl;11;3;2;0.5;0;0
org.apache.xerces.impl.xs.opti.SchemaDOM;109;13;7;0.8181818181818182;0;14
org.apache.xerces.xni.parser.XMLParseException;76;9;6;0.8333333333333334;0;0
org.apache.html.dom.HTMLTableSectionElementImpl;75;14;1;1.0;0;1
org.apache.xerces.impl.xpath.regex.ParseException;7;2;1;0.0;0;0
org.apache.xerces.util.IntStack;44;7;2;0.25;0;1
org.apache.xerces.impl.XMLNSDocumentScannerImpl;220;7;6;0.8095237868172782;1;38
org.apache.xerces.impl.dtd.models.CMAny;40;9;3;0.7142857142857143;0;0
org.apache.xerces.util.LocatorProxy;0;0;0;0;0;0
org.apache.xerces.util.URI;655;44;21;0.809523794386122;0;0
org.apache.wml.dom.WMLNoopElementImpl;15;5;0;0.0;0;0
org.apache.xerces.util.SAXMessageFormatter;0;0;0;0;0;0
org.apache.xerces.impl.xs.traversers.SchemaContentHandler;0;0;0;0;0;0
org.apache.html.dom.HTMLElementImpl;104;23;0;0.0;0;1
org.apache.xerces.impl.dtd.XMLAttributeDecl;10;2;3;0.0;0;0
org.apache.xerces.dom.ElementDefinitionImpl;25;5;3;0.8333333333333334;0;1
org.apache.xerces.impl.xs.traversers.XSDAttributeGroupTraverser;63;3;0;0.0;3;10
org.apache.xerces.impl.xs.models.XSEmptyCM;22;4;1;0.0;0;2
org.apache.xerces.dom.events.EventImpl;33;10;7;0.9666666454739041;0;0
org.apache.xerces.impl.dv.xs.DayDV;42;3;1;0.0;0;7
org.apache.xerces.impl.dtd.models.CMBinOp;45;6;2;0.25;0;2
org.apache.xerces.impl.xs.traversers.OneElement;7;2;2;0.0;0;0
org.apache.xerces.xpointer.XPointerErrorHandler;0;0;0;0;0;0
org.apache.xerces.util.DOMUtil;409;39;0;0.0;0;6
org.apache.xerces.dom.AttributeMap;314;15;0;0.0;1;11
org.apache.xerces.dom.EntityReferenceImpl;112;9;3;0.9285714285714286;0;4
org.apache.wml.dom.WMLImgElementImpl;69;23;0;0.0;0;0
org.apache.xerces.impl.xs.opti.AttrImpl;29;9;2;0.9166666666666666;0;1
org.apache.xerces.dom.DeferredCDATASectionImpl;13;3;2;0.0;0;1
org.apache.html.dom.HTMLScriptElementImpl;61;15;0;0.0;0;0
org.apache.xerces.impl.xs.traversers.XSDocumentInfo;49;7;14;1.0428571701049805;0;0
org.apache.xerces.impl.dtd.XML11NSDTDValidator;0;0;0;0;0;0
org.apache.xerces.impl.xs.SchemaNamespaceSupport;41;5;0;0.0;0;4
org.apache.xerces.impl.dv.xs.DateDV;30;3;0;0.0;0;5
org.apache.xerces.dom.DeferredDocumentTypeImpl;63;4;2;0.0;0;14
org.apache.xerces.jaxp.validation.ValidatorImpl;0;0;0;0;0;0
org.apache.xerces.impl.dv.xs.YearDV;38;3;0;0.0;0;6
org.apache.xerces.parsers.XIncludeParserConfiguration;0;0;0;0;0;0
org.apache.html.dom.HTMLMenuElementImpl;9;3;0;0.0;0;0
org.apache.xerces.util.AugmentationsImpl;145;6;1;0.9230769230769231;0;0
org.apache.xerces.impl.dv.xs.MonthDV;64;4;0;0.0;0;8
org.apache.wml.dom.WMLSetvarElementImpl;27;9;0;0.0;0;0
org.apache.wml.dom.WMLSelectElementImpl;63;21;0;0.0;0;0
org.apache.xerces.xs.XSException;0;0;0;0;0;0
org.apache.xerces.jaxp.validation.DraconianErrorHandler;0;0;0;0;0;0
org.apache.xerces.impl.xs.traversers.XSDAbstractIDConstraintTraverser;89;2;0;0.0;2;9
org.apache.xerces.dom.CharacterDataImpl;124;14;3;0.4166666666666667;1;3
org.apache.xerces.impl.dv.xs.UnionDV;6;2;0;0.0;0;2
org.apache.html.dom.HTMLObjectElementImpl;110;35;0;0.0;0;0
org.apache.xerces.impl.xs.traversers.XSDHandler;1053;35;79;0.942364501953125;3;42
org.apache.wml.dom.WMLDOMImplementationImpl;9;2;1;0.0;0;0
org.apache.xerces.impl.dv.dtd.StringDatatypeValidator;4;2;0;0.0;0;0
org.apache.html.dom.HTMLSelectElementImpl;79;23;1;1.0;0;1
org.apache.xerces.jaxp.datatype.DurationImpl;0;0;0;0;0;0
org.apache.xerces.impl.dv.dtd.IDDatatypeValidator;11;2;0;0.0;0;0
org.apache.xerces.dom.DOMOutputImpl;0;0;0;0;0;0
org.apache.wml.dom.WMLPostfieldElementImpl;27;9;0;0.0;0;0
org.apache.xerces.impl.validation.ValidationManager;25;7;3;0.6666666666666666;0;0
org.apache.xerces.xni.XNIException;14;4;1;0.0;0;0
org.apache.html.dom.HTMLStyleElementImpl;21;7;0;0.0;0;0
org.apache.html.dom.HTMLHtmlElementImpl;9;3;0;0.0;0;0
org.apache.xerces.impl.dv.xs.AnyAtomicDV;0;0;0;0;0;0
org.apache.xerces.xinclude.XIncludeNamespaceSupport;0;0;0;0;0;0
org.apache.html.dom.HTMLImageElementImpl;81;27;0;0.0;0;0
org.apache.xerces.jaxp.datatype.DatatypeFactoryImpl;0;0;0;0;0;0
org.apache.wml.dom.WMLMetaElementImpl;45;15;0;0.0;0;0
org.apache.html.dom.HTMLMapElementImpl;13;4;1;1.0;0;1
org.apache.xerces.impl.dv.xs.IntegerDV;8;1;0;0.0;0;0
org.apache.xerces.impl.dv.xs.XSSimpleTypeDecl;1328;62;71;0.9186326211957789;1;40
org.apache.xerces.jaxp.validation.StreamValidatorHelper;0;0;0;0;0;0
org.apache.xerces.impl.xs.XSMessageFormatter;24;1;3;0.0;0;0
org.apache.xerces.impl.xs.XMLSchemaLoader;406;25;33;0.9104762268066406;2;15
org.apache.xerces.impl.xs.XSGrammarBucket;57;5;2;0.25;0;1
org.apache.xerces.impl.Constants;46;7;100;0.8571428571428571;1;1
org.apache.xml.serialize.Encodings;45;1;6;0.0;0;0
org.apache.xerces.impl.xs.traversers.XSDNotationTraverser;36;2;0;0.0;2;10
org.apache.xerces.impl.xs.XSModelGroupImpl;95;16;7;0.6833333333333333;1;5
org.apache.xerces.impl.dv.xs.MonthDayDV;47;3;1;0.0;0;6
org.apache.xerces.dom.DOMImplementationSourceImpl;65;2;0;0.0;0;0
org.apache.xml.serialize.IndentPrinter;127;17;5;0.6666666666666666;0;5
org.apache.wml.dom.WMLWmlElementImpl;21;7;0;0.0;0;0
org.apache.html.dom.HTMLLabelElementImpl;19;5;0;0.0;0;0
org.apache.xml.serialize.ElementState;0;0;11;0.0;0;0
org.apache.html.dom.HTMLTableColElementImpl;43;13;0;0.0;0;0
org.apache.xml.serialize.EncodingInfo;41;5;5;0.8666666348775228;0;0
org.apache.xerces.jaxp.SAXParserFactoryImpl;46;4;1;0.3333333333333333;0;2
org.apache.xerces.impl.dtd.models.MixedContentModel;77;2;4;0.0;0;7
org.apache.xerces.dom.DocumentImpl;459;43;6;0.9078947368421053;2;34
org.apache.xerces.jaxp.validation.WeakReferenceXMLSchema;0;0;0;0;0;0
org.apache.xerces.dom.NodeIteratorImpl;153;13;8;0.8181818181818182;1;4
org.apache.xerces.parsers.AbstractSAXParser;681;51;23;0.9375;1;23
org.apache.xerces.impl.xs.models.XSCMBinOp;45;6;2;0.25;0;2
org.apache.xerces.impl.xpath.XPath;1209;6;6;0.984375;1;5
org.apache.xml.serialize.ObjectFactory;0;0;0;0;0;0
org.apache.xerces.impl.dv.xs.FloatDV;96;3;0;0.8;0;9
org.apache.xerces.util.SynchronizedSymbolTable;29;7;1;0.0;0;0
org.apache.xml.serialize.OutputFormat;226;50;20;0.9700000339084202;0;8
org.apache.xerces.xinclude.MultipleScopeNamespaceSupport;0;0;0;0;0;0
org.apache.xml.serialize.XMLSerializer;746;22;9;0.9579831291647518;2;26
org.apache.xerces.dom.DOMLocatorImpl;29;8;5;1.0;0;0
org.apache.xerces.impl.xs.traversers.LargeContainer;12;3;1;0.0;0;2
org.apache.wml.dom.WMLAnchorElementImpl;27;9;0;0.0;0;0
org.apache.xerces.impl.Version;6;2;2;0.0;0;1
org.apache.xerces.impl.xs.traversers.XSDGroupTraverser;95;3;0;0.0;3;23
org.apache.xerces.impl.xs.opti.NamedNodeMapImpl;40;9;1;0.5714285714285714;1;1
org.apache.xerces.impl.xs.opti.ElementImpl;134;21;7;0.8571428722805448;0;2
org.apache.xerces.dom.AttrImpl;518;45;5;0.8650793348039899;1;14
org.apache.xerces.dom.NamedNodeMapImpl;263;29;7;0.7037037037037037;1;4
org.apache.html.dom.HTMLOptGroupElementImpl;15;5;0;0.0;0;0
org.apache.xerces.impl.xs.identity.Field;66;7;3;0.75;0;4
org.apache.xerces.impl.xs.identity.KeyRef;11;3;1;0.0;0;0
org.apache.xerces.impl.dv.dtd.ENTITYDatatypeValidator;5;2;0;0.0;0;0
org.apache.xerces.impl.XMLDTDScannerImpl;1092;43;33;0.9199999809265137;0;25
org.apache.xerces.impl.dtd.XMLNSDTDValidator;85;2;1;1.0;1;14
org.apache.xerces.impl.dv.dtd.NMTOKENDatatypeValidator;7;2;0;0.0;0;0
org.apache.xerces.xinclude.XIncludeMessageFormatter;0;0;0;0;0;0
org.apache.xml.serialize.XML11Serializer;267;12;9;1.1428571428571428;2;14
org.apache.xerces.dom.PSVIElementNSImpl;58;16;12;0.9230769230769231;0;0
org.apache.xerces.jaxp.validation.Util;0;0;0;0;0;0
org.apache.wml.dom.WMLDocumentImpl;23;2;2;0.0;0;1
org.apache.xerces.dom.DOMMessageFormatter;28;1;2;0.0;0;0
org.apache.html.dom.HTMLBRElementImpl;9;3;0;0.0;0;0
org.apache.html.dom.HTMLIFrameElementImpl;63;21;0;0.0;0;0
org.apache.wml.dom.WMLIElementImpl;21;7;0;0.0;0;0
org.apache.xerces.impl.xs.XSDeclarationPool;205;22;18;0.9523809523809523;0;0
org.apache.html.dom.HTMLTableElementImpl;190;36;2;1.0;0;2
org.apache.xerces.jaxp.validation.XMLSchemaValidatorComponentManager;0;0;0;0;0;0
org.apache.xerces.dom.DOMInputImpl;0;0;0;0;0;0
org.apache.html.dom.HTMLLegendElementImpl;19;5;0;0.0;0;0
org.apache.xerces.impl.dv.dtd.XML11DTDDVFactoryImpl;15;2;1;0.0;0;1
org.apache.wml.dom.WMLTimerElementImpl;27;9;0;0.0;0;0
org.apache.xerces.impl.dv.util.HexBin;31;2;4;0.0;0;0
org.apache.xerces.impl.dtd.XMLElementDecl;14;2;10;0.0;0;0
org.apache.xerces.impl.dv.dtd.XML11IDDatatypeValidator;12;2;0;0.0;0;0
org.apache.xerces.jaxp.datatype.XMLGregorianCalendarImpl;0;0;0;0;0;0
org.apache.xerces.impl.dv.xs.TimeDV;34;3;0;0.0;0;12
org.apache.xerces.impl.dtd.models.DFAContentModel;271;7;18;0.8533332824707032;0;13
org.apache.html.dom.HTMLDocumentImpl;340;33;8;0.9838709677419355;0;6
org.apache.xerces.util.XMLCatalogResolver;0;0;0;0;0;0
org.apache.xerces.impl.io.UCSReader;100;10;8;0.6190475736345563;0;1
org.apache.xerces.impl.xs.models.XSCMLeaf;36;9;3;0.7142857142857143;0;0
org.apache.xerces.dom.DocumentTypeImpl;96;17;8;0.8877551215035575;0;1
org.apache.xerces.parsers.BasicParserConfiguration;127;21;15;0.9464285373687744;1;4
org.apache.html.dom.HTMLParamElementImpl;27;9;0;0.0;0;0
org.apache.wml.dom.WMLSmallElementImpl;21;7;0;0.0;0;0
org.apache.xerces.jaxp.DocumentBuilderFactoryImpl;49;3;1;0.0;0;2
org.apache.xerces.dom.DeepNodeListImpl;84;5;6;0.8333333134651184;0;2
org.apache.wml.dom.WMLGoElementImpl;39;13;0;0.0;0;0
org.apache.xerces.impl.xs.util.XSNamedMapImpl;56;6;6;0.5;0;0
org.apache.xerces.impl.dv.util.Base64;179;7;12;0.0;0;1
org.apache.xerces.xpointer.XPointerMessageFormatter;0;0;0;0;0;0
org.apache.xerces.util.XMLResourceIdentifierImpl;76;14;4;0.5454545454545454;0;0
org.apache.xerces.util.DatatypeMessageFormatter;0;0;0;0;0;0
org.apache.xerces.impl.dv.xs.StringDV;6;2;0;0.0;0;6
org.apache.html.dom.HTMLTableCellElementImpl;129;31;0;0.0;0;0
org.apache.xerces.impl.dtd.XMLDTDLoader;148;17;10;0.8333333333333334;0;17
org.apache.xml.serialize.LineSeparator;0;0;4;0.0;0;0
org.apache.xerces.dom.NodeListCache;3;1;5;0.0;0;0
org.apache.xerces.impl.xs.XSElementDecl;125;30;20;0.9257294227337015;0;3
org.apache.xerces.impl.xs.opti.DefaultElement;65;22;0;0.0;1;1
org.apache.html.dom.CollectionIndex;12;4;1;0.0;0;0
org.apache.xerces.impl.xs.opti.NodeImpl;30;9;6;0.9722221692403158;0;0
org.apache.xerces.impl.xs.XSLoaderImpl;0;0;0;0;0;0
org.apache.xerces.impl.dtd.XMLDTDProcessor;499;52;37;0.9208000183105469;2;27
org.apache.xerces.jaxp.validation.XMLSchemaFactory;0;0;0;0;0;0
org.apache.wml.dom.WMLFieldsetElementImpl;27;9;0;0.0;0;0
org.apache.wml.dom.WMLBigElementImpl;21;7;0;0.0;0;0
org.apache.html.dom.HTMLDivElementImpl;9;3;0;0.0;0;0
org.apache.xerces.parsers.XPointerParserConfiguration;0;0;0;0;0;0
org.apache.wml.dom.WMLOptgroupElementImpl;27;9;0;0.0;0;0
org.apache.xerces.dom.RangeExceptionImpl;3;1;0;0.0;0;0
org.apache.xerces.impl.xs.XSParticleDecl;93;16;12;0.7066666920979817;1;2
org.apache.xerces.impl.XML11EntityScanner;556;12;0;0.0;0;9
org.apache.xerces.impl.xs.identity.UniqueOrKey;4;1;0;0.0;0;0
org.apache.xerces.xpointer.ElementSchemePointer;0;0;0;0;0;0
org.apache.xerces.impl.dv.dtd.IDREFDatatypeValidator;8;2;0;0.0;0;0
org.apache.xerces.parsers.XMLGrammarPreparser;107;17;14;0.8333332879202706;0;0
org.apache.xerces.impl.dv.xs.ListDV;43;3;0;0.75;0;6
org.apache.xerces.impl.msg.XMLMessageFormatter;40;1;4;0.0;0;0
org.apache.xerces.impl.dtd.DTDGrammarBucket;27;8;3;0.6666666666666666;0;0
org.apache.xerces.impl.XMLDocumentScannerImpl;495;14;31;0.9861591563505285;1;29
org.apache.xml.serialize.HTMLdtd;119;16;20;0.0;0;1
org.apache.xerces.impl.dv.xs.AnySimpleDV;6;2;0;0.0;0;0
org.apache.html.dom.HTMLOListElementImpl;21;7;0;0.0;0;0
org.apache.xerces.util.XMLGrammarPoolImpl;140;14;5;0.6623376499522816;0;1
org.apache.xerces.parsers.DTDParser;60;29;1;1.037037037037037;0;0
org.apache.wml.dom.WMLAElementImpl;33;11;0;0.0;0;0
org.apache.xerces.jaxp.TeeXMLDocumentFilterImpl;0;0;0;0;0;0
org.apache.xerces.util.SAXInputSource;0;0;0;0;0;0
org.apache.wml.dom.WMLPElementImpl;33;11;0;0.0;0;0
org.apache.xerces.dom.DeferredElementImpl;31;4;2;0.0;0;3
org.apache.html.dom.HTMLIsIndexElementImpl;9;3;0;0.0;0;0
org.apache.xerces.impl.xs.XSImplementationImpl;0;0;0;0;0;0
org.apache.xerces.impl.xs.util.XInt;15;5;1;0.0;0;0
org.apache.xerces.parsers.XMLDocumentParser;15;4;0;0.0;0;0
org.apache.xerces.impl.dv.xs.IDDV;14;3;0;0.0;0;6
org.apache.xerces.parsers.XML11Configuration;27;7;2;0.5;0;0
org.apache.xerces.jaxp.validation.XMLSchema;0;0;0;0;0;0
org.apache.xerces.jaxp.validation.ValidatorHandlerImpl;0;0;0;0;0;0
org.apache.html.dom.HTMLTitleElementImpl;25;3;0;0.0;0;0
org.apache.html.dom.HTMLParagraphElementImpl;9;3;0;0.0;0;0
org.apache.xerces.dom.DOMXSImplementationSourceImpl;0;0;0;0;0;0
org.apache.xerces.util.SAXLocatorWrapper;0;0;0;0;0;0
org.apache.xml.serialize.DOMSerializerImpl;0;0;0;0;0;0
org.apache.xerces.impl.xs.XSDDescription;75;18;15;0.7941176470588235;0;5
org.apache.xerces.jaxp.validation.EmptyXMLSchema;0;0;0;0;0;0
org.apache.html.dom.HTMLBaseFontElementImpl;21;7;0;0.0;0;0
org.apache.xerces.jaxp.DefaultValidationErrorHandler;18;1;2;0.0;0;1
org.apache.xerces.impl.xs.traversers.XSDComplexTypeTraverser;508;17;18;0.8185185114542644;2;64
org.apache.xerces.parsers.DTDConfiguration;261;22;34;1.0045249041389017;1;14
org.apache.xerces.impl.xs.traversers.XSDKeyrefTraverser;41;2;0;0.0;2;13
org.apache.xerces.impl.xs.traversers.XSDSimpleTypeTraverser;244;8;2;0.8333333333333334;2;32
org.apache.xerces.impl.dv.xs.Base64BinaryDV;33;3;0;0.8;0;6
org.apache.xerces.dom.ParentNode;457;34;4;0.7634408397059287;1;17
org.apache.xerces.impl.dtd.models.CMUniOp;20;5;1;0.0;0;1
org.apache.html.dom.HTMLBuilder;68;10;6;0.7222222222222222;0;0
org.apache.xerces.impl.dv.xs.IDREFDV;12;3;0;0.0;0;6
org.apache.xerces.xinclude.XIncludeHandler;0;0;0;0;0;0
org.apache.xerces.util.ParserConfigurationSettings;73;10;6;0.8571428571428571;0;3
org.apache.xerces.dom.TextImpl;147;15;1;0.0;1;10
org.apache.xerces.jaxp.validation.SimpleXMLSchema;0;0;0;0;0;0
org.apache.xerces.impl.xs.XSConstraints;707;30;2;0.0;1;53
org.apache.xerces.util.XMLEntityDescriptionImpl;0;0;0;0;0;0
org.apache.xerces.impl.dtd.XML11DTDValidator;28;4;1;0.0;0;10
org.apache.xerces.impl.xpath.regex.RegexParser;943;49;39;0.9147157254426376;0;29
